group,file,svg_size,tvg_size,ref_tvg_size,zstd_size,brotli_size,zstd_dict_size
zig,zig-mark-neg-white.svg,619,288,282,195,188,32
zig,zig-logo-dark.svg,1200,549,542,407,398,61
zig,zig-mark-neg-black.svg,622,288,282,196,182,27
zig,zig-logo-light.svg,1197,549,542,405,392,62
zig,zig-mark.svg,622,288,282,197,185,32
zig,zig-logo-neg-white.svg,1175,545,538,401,395,71
zig,zig-logo-neg-black.svg,1178,545,538,401,397,66
zig,zero.svg,26352,66962,11056,56513,51956,56814
w3c,no.svg,292,102,102,99,88,86
w3c,rubyforge.svg,231,96,96,96,87,80
w3c,adobe.svg,143,63,63,71,65,67
w3c,dh.svg,321,171,171,131,128,117
w3c,irony.svg,286,155,155,131,109,122
w3c,gcheck.svg,729,351,352,309,285,300
w3c,italian-flag.svg,244,100,100,84,78,79
w3c,alphachannel.svg,238,94,94,77,68,67
w3c,cc.svg,397,221,221,159,143,90
w3c,rest.svg,558,262,263,225,203,215
w3c,mudflap.svg,797,563,568,376,307,366
w3c,heliocentric.svg,656,344,344,163,165,149
w3c,vote.svg,747,501,506,345,280,325
w3c,pdftk.svg,274,151,151,124,110,26
w3c,cygwin.svg,335,157,157,118,112,26
w3c,myspace.svg,307,167,167,129,120,113
w3c,feedsync.svg,321,214,214,149,146,137
w3c,heart.svg,178,82,82,77,66,71
w3c,unicode.svg,224,133,133,112,101,106
w3c,couch.svg,783,461,461,334,293,310
w3c,wso2.svg,547,249,249,176,169,26
w3c,genshi.svg,290,189,190,150,126,141
w3c,bzr.svg,482,230,230,170,164,162
w3c,unicode-han.svg,377,105,106,118,110,26
w3c,duck.svg,414,229,234,176,164,175
w3c,ie-lock.svg,910,479,485,342,300,328
w3c,rack.svg,355,159,159,120,108,121
w3c,microformat.svg,329,251,251,183,173,168
w3c,http.svg,723,467,467,321,296,120
w3c,pull.svg,443,203,203,142,139,132
w3c,yinyang.svg,270,136,136,95,84,84
w3c,betterplace.svg,163,51,51,61,56,26
w3c,odf.svg,176,78,78,77,73,63
w3c,msie.svg,374,189,189,157,134,148
w3c,faux-art.svg,2456,667,666,639,621,639
w3c,mt.svg,267,136,137,113,107,99
w3c,utensils.svg,467,282,282,202,182,28
w3c,openid.svg,195,89,89,88,83,77
w3c,copyright.svg,202,76,76,73,62,60
w3c,integral.svg,452,294,295,221,179,28
w3c,osi.svg,178,64,64,70,64,62
w3c,star.svg,177,71,71,70,60,26
w3c,x11.svg,144,75,75,70,60,26
w3c,caution.svg,404,142,142,107,100,26
w3c,couchdb.svg,447,302,302,226,203,32
w3c,whatwg.svg,272,125,125,113,101,96
w3c,google.svg,331,159,159,139,125,125
w3c,semweb.svg,239,106,106,98,96,26
w3c,usaf.svg,522,319,324,236,203,44
w3c,facebook.svg,299,242,245,168,169,161
w3c,iw.svg,191,99,99,87,79,79
w3c,image.svg,157,54,54,63,57,71
w3c,openweb.svg,206,86,86,93,90,29
w3c,msft.svg,398,199,219,177,151,157
w3c,digg.svg,326,201,201,140,140,130
w3c,copyleft.svg,202,76,76,73,61,60
w3c,penrose-staircase.svg,3231,649,741,335,339,74
w3c,vmware.svg,274,243,243,159,145,159
w3c,wii.svg,318,181,181,143,131,131
w3c,wikimedia.svg,265,129,129,106,97,91
w3c,raleigh.svg,355,172,172,139,147,120
w3c,accessible.svg,731,466,474,268,239,244
w3c,yahoo.svg,443,287,291,222,187,215
w3c,ietf.svg,627,407,407,261,213,218
w3c,moonlight.svg,564,193,193,151,141,26
w3c,venus.svg,221,72,72,74,71,67
w3c,instiki.svg,965,645,645,438,344,429
w3c,mono.svg,402,287,287,204,189,125
w3c,rails.svg,902,570,570,388,344,234
w3c,poi.svg,211,82,82,69,61,62
w3c,ielock.svg,906,426,430,299,265,164
w3c,m.svg,339,238,238,168,154,162
w3c,beacon.svg,272,126,126,112,108,100
w3c,check.svg,296,202,203,157,130,154
w3c,erlang.svg,243,122,122,109,106,102
w3c,padlock.svg,535,272,276,184,182,31
material-design,scanner-off.svg,395,181,198,173,160,142
material-design,zodiac-scorpio.svg,401,215,220,159,149,127
material-design,briefcase-variant-off-outline.svg,459,253,266,211,200,85
material-design,receipt-outline.svg,349,159,208,106,95,89
material-design,radio.svg,309,176,181,132,135,103
material-design,reply.svg,166,64,65,69,59,58
material-design,calendar-alert.svg,254,151,160,118,114,74
material-design,vector-polyline-plus.svg,269,166,177,138,135,117
material-design,projector-screen-off-outline.svg,364,171,180,159,146,126
material-design,play.svg,131,31,36,44,36,39
material-design,arrow-collapse-left.svg,199,75,82,79,77,68
material-design,numeric-0-circle.svg,270,148,153,96,84,57
material-design,twitter.svg,679,265,270,267,252,27
material-design,chevron-down.svg,159,48,53,61,53,49
material-design,ufo.svg,251,100,101,103,103,92
material-design,surround-sound-2-0.svg,320,192,201,148,129,26
material-design,image-off.svg,257,115,124,114,108,88
material-design,window-open.svg,232,139,146,99,86,69
material-design,wall-sconce-outline.svg,189,86,95,87,86,69
material-design,mustache.svg,240,152,153,107,94,102
material-design,track-light.svg,375,144,159,157,136,111
material-design,archive-off.svg,256,112,121,115,103,84
material-design,folder-open.svg,227,108,109,101,89,26
material-design,spoon-sugar.svg,300,145,154,140,136,112
material-design,menu-right-outline.svg,163,53,60,66,55,53
material-design,bookmark-remove-outline.svg,315,147,156,137,134,116
material-design,text-box-minus.svg,320,169,178,140,143,105
material-design,hand-okay.svg,822,340,345,318,288,297
material-design,wall-sconce-round.svg,292,119,132,123,115,97
material-design,alpha-f-box-outline.svg,221,128,135,96,90,57
material-design,alpha-v-circle.svg,211,102,105,78,65,39
material-design,emoticon-cool.svg,549,245,254,214,195,26
material-design,lighthouse.svg,280,138,149,133,118,105
material-design,alpha-n-circle.svg,214,107,110,83,69,45
material-design,shield-lock-open.svg,383,194,201,164,154,157
material-design,comment-remove-outline.svg,376,206,215,154,145,26
material-design,glass-pint-outline.svg,150,53,60,63,55,52
material-design,puzzle-check.svg,494,256,262,214,202,27
material-design,format-size.svg,153,71,76,75,66,54
material-design,calendar-end.svg,258,155,160,126,124,96
material-design,microsoft-windows.svg,223,87,102,90,89,76
material-design,script-text.svg,337,196,205,165,149,146
material-design,table-of-contents.svg,198,107,120,87,79,58
material-design,cabin-a-frame.svg,218,90,103,93,89,77
material-design,view-split-vertical.svg,178,92,103,83,74,64
material-design,store-settings.svg,234,139,154,113,98,71
material-design,comment-bookmark-outline.svg,316,170,179,146,140,98
material-design,credit-card-multiple.svg,223,128,132,94,81,57
material-design,format-title.svg,130,44,47,57,49,42
material-design,pac-man.svg,276,119,124,101,95,85
material-design,chart-timeline.svg,177,95,104,87,81,69
material-design,filter-off.svg,405,157,164,166,146,132
material-design,palette-advanced.svg,265,147,158,113,115,100
material-design,flash.svg,131,45,48,54,44,44
material-design,sprinkler-fire.svg,344,238,261,151,138,129
material-design,navigation.svg,156,48,53,61,51,49
material-design,alpha-r-circle.svg,277,144,149,106,95,70
material-design,comment-account.svg,354,210,215,143,141,72
material-design,home-floor-0.svg,230,121,130,96,85,72
material-design,newspaper-remove.svg,534,248,261,206,204,196
material-design,filter-check.svg,403,168,174,159,148,142
material-design,comment-text-multiple-outline.svg,339,208,219,148,143,30
material-design,moon-waning-gibbous.svg,175,60,61,66,65,52
material-design,watch-variant.svg,232,127,132,94,91,26
material-design,content-save-off.svg,350,157,166,152,135,76
material-design,numeric-negative-1.svg,140,53,58,62,56,42
material-design,forward.svg,131,45,48,54,47,46
material-design,arrow-bottom-left-bold-box.svg,252,118,123,113,108,91
material-design,hammer-wrench.svg,573,233,238,220,204,204
material-design,zend.svg,347,153,162,145,143,98
material-design,alpha-l-circle.svg,197,91,94,75,62,26
material-design,sprinkler-variant.svg,333,243,272,156,148,127
material-design,cube-outline.svg,504,206,219,196,199,130
material-design,lan-connect.svg,381,226,237,175,153,30
material-design,compare-horizontal.svg,161,71,78,71,62,57
material-design,handshake-outline.svg,876,423,430,372,346,360
material-design,nail.svg,147,54,59,64,54,50
material-design,qqchat.svg,730,285,286,277,256,109
material-design,gamepad-down.svg,241,118,131,93,91,85
material-design,watering-can.svg,466,209,216,191,205,173
material-design,ticket-confirmation.svg,309,181,188,115,107,82
material-design,box-cutter.svg,436,153,162,159,154,26
material-design,abugida-devanagari.svg,332,175,178,157,149,136
material-design,printer-outline.svg,370,222,231,180,159,152
material-design,square-wave.svg,138,56,59,63,52,51
material-design,hammer-screwdriver.svg,453,183,190,183,167,164
material-design,code-array.svg,228,134,141,96,91,26
material-design,greater-than.svg,161,48,53,61,53,25
material-design,shield-remove.svg,391,163,172,154,146,137
material-design,subdirectory-arrow-right.svg,173,63,68,70,68,59
material-design,star-off-outline.svg,355,155,168,144,125,132
material-design,plus-minus-variant.svg,185,88,97,91,93,61
material-design,kite.svg,649,251,256,245,228,236
material-design,multiplication-box.svg,330,162,167,133,135,105
material-design,campfire.svg,1045,414,426,383,359,373
material-design,eight-track.svg,199,104,109,92,89,79
material-design,briefcase-off.svg,299,152,161,130,122,94
material-design,current-dc.svg,165,77,86,73,60,53
material-design,battery-10-bluetooth.svg,434,206,217,180,178,29
material-design,image-frame.svg,442,202,215,180,182,173
material-design,sickle.svg,261,102,103,111,104,94
material-design,format-align-middle.svg,237,114,123,101,98,85
material-design,keyboard-f5.svg,210,114,119,98,87,57
material-design,arrow-u-up-left.svg,232,103,106,92,91,49
material-design,xmpp.svg,339,142,143,140,138,126
material-design,fridge-alert-outline.svg,294,190,205,140,129,109
material-design,delete-off-outline.svg,357,175,188,160,141,140
material-design,format-italic.svg,156,60,63,67,64,58
material-design,octagram-outline.svg,419,179,188,144,138,144
material-design,elevator-passenger-off.svg,366,168,179,161,151,118
material-design,battery-90-bluetooth.svg,433,206,217,181,179,29
material-design,water-off.svg,325,130,135,134,131,102
material-design,sunglasses.svg,569,236,237,225,215,215
material-design,alpha-x-box.svg,239,137,140,97,83,56
material-design,file-music-outline.svg,278,161,168,118,130,86
material-design,alpha-i-box.svg,214,121,124,93,85,54
material-design,vanish-quarter.svg,171,68,76,74,73,60
material-design,led-strip-variant.svg,676,248,293,233,212,214
material-design,file-find-outline.svg,620,286,293,250,239,205
material-design,snowflake.svg,693,305,312,274,255,259
material-design,video-account.svg,324,187,192,127,121,105
material-design,table-merge-cells.svg,247,157,170,120,108,26
material-design,escalator-box.svg,306,144,151,125,122,26
material-design,shield-crown.svg,305,135,146,133,124,116
material-design,dishwasher-off.svg,554,269,280,253,235,188
material-design,file-move-outline.svg,343,164,171,152,141,126
material-design,hail.svg,457,231,236,195,181,165
material-design,language-haskell.svg,303,117,126,115,118,103
material-design,gesture-swipe-vertical.svg,353,176,181,160,146,129
material-design,select-inverse.svg,260,200,203,92,99,89
material-design,routes.svg,212,120,123,95,93,26
material-design,arrow-top-right.svg,152,51,56,64,56,26
material-design,view-compact.svg,149,62,69,66,62,48
material-design,arrow-top-left.svg,153,51,56,64,56,49
material-design,currency-bdt.svg,586,241,244,213,214,196
material-design,checkbox-blank.svg,181,83,84,72,63,52
material-design,gantry-crane.svg,947,473,500,336,325,308
material-design,gas-station-off-outline.svg,620,319,336,276,254,247
material-design,subdirectory-arrow-left.svg,171,63,68,73,68,60
material-design,power-on.svg,118,32,35,45,37,38
material-design,music-note-half.svg,194,82,85,80,73,63
material-design,layers-triple.svg,270,110,123,98,103,85
material-design,television-guide.svg,267,167,180,118,99,72
material-design,view-array-outline.svg,162,77,86,76,69,59
material-design,restart.svg,423,178,189,173,147,162
material-design,floor-lamp-torchiere-variant-outline.svg,225,94,103,97,99,80
material-design,roman-numeral-5.svg,136,49,52,55,49,42
material-design,alpha-y-box.svg,216,120,123,90,76,31
material-design,zodiac-libra.svg,364,160,165,156,136,126
material-design,menu-right.svg,122,33,36,46,38,26
material-design,bank-transfer-in.svg,233,125,140,107,98,85
material-design,music-accidental-double-sharp.svg,235,106,111,93,84,86
material-design,share.svg,163,60,65,70,65,57
material-design,movie-play.svg,294,159,164,134,133,26
material-design,calendar-sync.svg,466,227,236,191,197,161
material-design,connection.svg,453,191,200,174,152,70
material-design,book-arrow-left-outline.svg,333,167,172,145,143,26
material-design,cursor-text.svg,305,162,165,124,123,26
material-design,microsoft-dynamics-365.svg,166,67,72,69,56,57
material-design,alpha-o-circle.svg,270,148,153,96,84,57
material-design,volume-mute.svg,238,103,110,101,100,84
material-design,star-check-outline.svg,372,163,171,152,131,138
material-design,network-outline.svg,290,179,184,118,111,89
material-design,update.svg,428,168,173,171,168,156
material-design,currency-inr.svg,289,135,140,133,115,107
material-design,podium.svg,452,215,234,186,180,167
material-design,radar.svg,567,292,293,213,197,28
material-design,multicast.svg,316,182,193,153,149,121
material-design,tournament.svg,299,182,185,141,130,124
material-design,alpha-t-circle.svg,201,97,100,79,66,40
material-design,relation-one-or-many-to-many.svg,170,94,94,82,78,65
material-design,card-bulleted-off.svg,380,180,197,172,156,58
material-design,bowl.svg,160,58,61,66,62,55
material-design,comment-account-outline.svg,388,236,243,161,158,76
material-design,fire-extinguisher.svg,241,124,125,102,91,84
material-design,cube-off-outline.svg,601,253,270,235,230,30
material-design,vector-arrange-above.svg,311,171,178,129,116,114
material-design,file-delimited.svg,230,116,125,103,99,61
material-design,cloud-upload.svg,279,170,127,167,151,149
material-design,star-four-points-outline.svg,234,99,108,83,79,81
material-design,hammer.svg,285,102,107,115,107,97
material-design,alpha-y.svg,142,55,58,61,52,29
material-design,tilde-off.svg,326,137,142,136,126,90
material-design,align-horizontal-center.svg,162,80,83,75,72,59
material-design,vector-combine.svg,347,205,214,146,131,136
material-design,book-open-page-variant.svg,530,222,225,196,184,188
material-design,heart-half.svg,197,74,75,87,79,69
material-design,food-kosher.svg,456,266,273,200,182,184
material-design,battery-80-bluetooth.svg,433,206,217,181,180,26
material-design,audio-input-rca.svg,363,211,220,162,162,26
material-design,download-off.svg,233,93,102,106,97,69
material-design,comment.svg,236,119,122,94,88,29
material-design,credit-card-plus-outline.svg,239,141,148,114,102,87
material-design,pin-off.svg,224,106,113,102,95,85
material-design,moon-waxing-crescent.svg,167,58,59,65,61,50
material-design,rhombus.svg,298,107,108,101,104,96
material-design,apple-keyboard-option.svg,158,63,68,76,68,59
material-design,lamps-outline.svg,263,143,160,124,117,26
material-design,fence.svg,307,227,240,122,98,26
material-design,rabbit.svg,1099,437,440,404,379,395
material-design,vpn.svg,738,377,390,273,257,234
material-design,surround-sound-2-1.svg,231,131,138,115,101,87
material-design,content-save-off-outline.svg,337,155,166,150,135,84
material-design,format-wrap-square.svg,242,151,172,106,88,26
material-design,cellphone-text.svg,226,126,135,101,97,76
material-design,tower-beach.svg,339,153,168,145,136,127
material-design,countertop.svg,272,161,166,138,135,49
material-design,timer-sand-empty.svg,208,98,109,86,76,76
material-design,inbox-arrow-up.svg,256,152,156,106,104,83
material-design,sausage.svg,285,122,127,112,106,102
material-design,format-list-group.svg,172,89,98,81,70,26
material-design,floor-lamp-torchiere-variant.svg,188,77,82,82,72,68
material-design,wall-sconce-round-variant-outline.svg,433,190,203,178,159,156
material-design,ray-end.svg,204,81,82,85,83,73
material-design,arrow-decision-auto.svg,445,195,208,184,171,161
material-design,laptop-off.svg,302,155,164,133,123,98
material-design,keyboard-outline.svg,366,260,287,136,115,109
material-design,wall-sconce-flat-outline.svg,259,104,119,109,109,85
material-design,call-missed.svg,160,60,60,73,65,57
material-design,pipe-wrench.svg,359,128,141,133,124,121
material-design,skew-less.svg,183,79,90,81,73,66
material-design,medical-bag.svg,281,164,171,139,132,110
material-design,flask-empty-remove-outline.svg,548,262,267,243,218,212
material-design,format-list-bulleted-square.svg,188,107,119,91,82,60
material-design,git.svg,620,275,276,226,240,206
material-design,beaker-question.svg,550,315,332,260,239,223
material-design,book-cog-outline.svg,1034,497,504,379,364,323
material-design,numeric-4-box-multiple.svg,244,146,153,104,96,51
material-design,axis-arrow-info.svg,296,148,157,136,118,108
material-design,file-download.svg,240,114,125,102,96,48
material-design,pause-octagon-outline.svg,250,115,126,106,100,96
material-design,arrow-left-bold.svg,140,45,48,58,50,48
material-design,pig-variant.svg,365,180,183,172,164,148
material-design,delete-variant.svg,269,117,128,116,104,97
material-design,altimeter.svg,238,122,139,106,102,91
material-design,keyboard-f7.svg,161,76,83,74,68,46
material-design,transmission-tower-import.svg,526,228,253,214,226,194
material-design,clipboard-text-off.svg,414,238,249,204,209,159
material-design,flag-checkered.svg,265,173,184,127,116,102
material-design,briefcase-off-outline.svg,490,248,259,210,209,179
material-design,movie-off-outline.svg,348,169,180,161,144,101
material-design,seat.svg,210,116,125,99,88,26
material-design,flashlight-off.svg,226,100,111,102,89,81
material-design,equal-box.svg,214,111,118,92,92,62
material-design,chart-scatter-plot-hexbin.svg,278,119,134,113,104,94
material-design,arrange-bring-forward.svg,149,65,70,67,62,56
material-design,arrow-top-left-bottom-right-bold.svg,186,60,65,69,65,62
material-design,not-equal-variant.svg,232,94,99,104,98,81
material-design,vote.svg,420,191,200,170,167,144
material-design,ceiling-light-outline.svg,194,87,92,86,75,69
material-design,format-header-2.svg,329,180,185,149,138,115
material-design,axis-x-arrow.svg,207,72,77,85,73,29
material-design,alpha-h-box.svg,213,121,124,91,83,49
material-design,folder-download.svg,223,114,116,96,95,45
material-design,cursor-default.svg,363,143,148,144,148,125
material-design,exponent.svg,404,162,167,164,152,26
material-design,ray-start.svg,192,80,81,84,70,67
material-design,newspaper-plus.svg,424,227,236,185,179,151
material-design,alpha-t.svg,126,44,47,57,46,42
material-design,language-ruby.svg,468,182,189,179,178,169
material-design,numeric-5-box-multiple.svg,282,178,183,119,106,60
material-design,page-last.svg,173,63,70,70,61,57
material-design,ladder.svg,190,101,110,88,82,70
material-design,text-long.svg,161,77,86,75,66,55
material-design,card-multiple.svg,407,183,188,164,155,157
material-design,car-turbocharger.svg,889,426,431,355,331,334
material-design,wallet-outline.svg,386,229,236,139,131,108
material-design,folder-settings.svg,239,134,143,105,91,43
material-design,ellipse.svg,165,74,75,71,70,65
material-design,numeric-2-box-multiple.svg,296,188,195,122,120,29
material-design,android-studio.svg,595,284,291,227,220,202
material-design,fullscreen-exit.svg,186,101,110,85,72,53
material-design,arrow-top-right-thick.svg,177,51,56,64,56,26
material-design,star-circle.svg,284,122,127,115,122,83
material-design,video-input-component.svg,485,302,315,190,174,27
material-design,bank-transfer.svg,285,162,179,132,128,114
material-design,card-plus-outline.svg,226,126,131,105,95,80
material-design,tie.svg,138,53,53,55,49,51
material-design,shape-oval-plus.svg,298,173,176,152,151,135
material-design,message-plus.svg,204,112,117,91,85,62
material-design,ethereum.svg,196,59,68,62,51,53
material-design,arrow-up-down.svg,241,84,89,93,86,80
material-design,sim.svg,270,163,178,115,100,81
material-design,view-gallery-outline.svg,199,107,120,92,80,26
material-design,loading.svg,143,52,53,56,49,45
material-design,file-code-outline.svg,350,156,171,145,137,95
material-design,fuse-blade.svg,274,149,160,120,119,100
material-design,ice-cream-off.svg,452,184,197,188,166,150
material-design,battery-check.svg,322,141,146,135,128,114
material-design,format-text-rotation-up.svg,238,92,103,95,81,26
material-design,home-import-outline.svg,178,93,95,90,87,26
material-design,star-settings.svg,251,113,124,117,100,26
material-design,format-text-wrapping-overflow.svg,180,88,99,82,78,63
material-design,drawing.svg,240,96,97,85,81,72
material-design,new-box.svg,418,225,232,180,163,142
material-design,fridge-off-outline.svg,365,191,202,170,176,26
material-design,bag-personal-off-outline.svg,442,245,258,200,189,31
material-design,food-variant.svg,301,149,152,139,131,115
material-design,currency-ils.svg,216,121,124,99,89,80
material-design,pail-outline.svg,308,132,139,132,125,114
material-design,account-reactivate.svg,439,224,227,194,195,176
material-design,volume-vibrate.svg,251,113,120,100,95,26
material-design,store-outline.svg,216,113,124,98,96,80
material-design,check-outline.svg,238,79,88,92,84,77
material-design,arrow-up-box.svg,247,122,127,97,94,65
material-design,check-network.svg,346,195,202,133,126,105
material-design,airplane-off.svg,421,165,174,171,155,142
material-design,leek.svg,301,132,147,128,112,103
material-design,star-plus.svg,237,113,120,110,104,87
material-design,calendar-week.svg,236,136,143,110,107,80
material-design,notebook-plus-outline.svg,366,248,259,184,177,152
material-design,piggy-bank.svg,379,195,200,182,175,157
material-design,window-shutter-open.svg,149,71,76,74,70,26
material-design,keyboard-f2.svg,231,127,132,107,98,26
material-design,arrow-right-bold-hexagon-outline.svg,469,202,213,191,203,126
material-design,projector-screen-off.svg,323,143,150,138,130,115
material-design,garage-open-variant.svg,152,64,71,68,59,50
material-design,comment-off-outline.svg,376,179,188,161,144,94
material-design,file-phone.svg,553,237,246,215,219,30
material-design,file-word.svg,283,141,152,126,112,47
material-design,npm.svg,234,146,157,114,99,86
material-design,timer-sand.svg,239,122,133,97,89,87
material-design,format-columns.svg,260,167,188,94,78,26
material-design,chess-bishop.svg,367,162,169,157,152,132
material-design,upload-multiple.svg,162,75,82,74,64,26
material-design,alpha-x-circle.svg,240,125,128,89,82,56
material-design,bookmark.svg,155,65,66,68,55,49
material-design,chart-bell-curve.svg,329,150,151,142,149,132
material-design,comment-processing-outline.svg,318,190,201,143,136,56
material-design,microsoft-xbox-controller-battery-empty.svg,405,218,223,170,167,143
material-design,vector-union.svg,276,149,154,118,107,107
material-design,space-station.svg,821,541,564,326,286,309
material-design,calendar-multiple-check.svg,327,183,194,142,144,26
material-design,balloon.svg,295,119,120,120,115,102
material-design,moon-last-quarter.svg,125,35,35,48,38,37
material-design,arrow-right-top-bold.svg,187,77,80,80,71,65
material-design,gesture-tap-hold.svg,458,221,224,188,178,162
material-design,water-check-outline.svg,378,160,165,157,142,134
material-design,curtains-closed.svg,147,62,69,66,60,43
material-design,mine.svg,545,249,254,193,188,182
material-design,drag.svg,294,197,222,104,81,90
material-design,microsoft-azure-devops.svg,233,89,96,99,93,81
material-design,arrow-down-thin.svg,156,45,45,58,50,51
material-design,star-three-points.svg,152,48,53,61,53,26
material-design,home-variant-outline.svg,161,73,78,77,63,61
material-design,keg.svg,253,163,166,116,108,87
papirus,cantata.svg,911,443,429,320,306,42
papirus,alienfx.svg,1657,576,583,382,345,369
papirus,pomodoneapp.svg,718,431,465,224,218,164
papirus,singular.svg,1491,496,510,290,269,27
papirus,face-raspberry.svg,994,219,567,187,186,134
papirus,folder-nordic-templates-open.svg,1029,871,785,478,428,47
papirus,com.github.artemanufrij.hashit.svg,843,459,457,314,290,180
papirus,application-vnd.stardivision.mail.svg,1175,518,528,333,317,186
papirus,audio-speaker-center.svg,1227,79,580,76,68,70
papirus,pop-cosmic-applications.svg,3197,1894,1921,612,505,620
papirus,folder-yaru-documents.svg,830,567,574,376,344,38
papirus,folder-palebrown-photo.svg,918,644,624,418,391,38
papirus,inode-symlink.svg,1442,560,560,393,364,248
papirus,folder-orange-favorites.svg,838,555,563,370,355,37
papirus,folder-nordic-remote.svg,858,592,593,405,373,38
papirus,pdfstudio.svg,2701,1127,1320,703,641,612
papirus,folder-green-favorites.svg,838,555,563,372,354,37
papirus,alien-swarm-reactive-drop.svg,1684,762,750,438,397,291
papirus,folder-deeporange-documents.svg,830,567,574,378,350,38
papirus,folder-bluegrey-documents.svg,830,567,574,378,349,38
papirus,video-x-generic.svg,785,415,416,274,255,168
papirus,folder-pink-music.svg,888,632,606,405,370,38
papirus,org.processing.processingide.svg,1108,470,487,285,293,143
papirus,WickrMe.svg,736,300,300,181,177,65
papirus,folder-violet-print.svg,875,617,621,412,377,34
papirus,application-bitwig-template.svg,1075,602,602,265,231,91
papirus,performous.svg,4055,1556,1570,930,836,790
papirus,compiz.svg,607,304,315,219,216,27
papirus,folder-yellow-kde.svg,1722,902,918,665,635,48
papirus,postr.svg,718,429,434,258,247,30
papirus,piwigo.svg,847,436,436,240,209,169
papirus,wxglade.svg,1123,534,536,348,330,85
papirus,com.github.lainsce.yishu.svg,685,338,339,236,224,37
papirus,folder-nordic-videos-open.svg,865,589,593,395,371,53
papirus,folder-teal-mail-cloud.svg,938,640,650,452,430,38
papirus,folder-cyan-download.svg,778,551,555,359,330,38
papirus,webby.svg,882,297,395,222,219,32
papirus,folder-magenta-unlocked.svg,970,641,652,427,394,48
papirus,blender.svg,1992,913,786,528,525,294
papirus,bootstrap-studio.svg,855,654,675,341,292,321
papirus,qubic.svg,2861,1254,1302,698,678,332
papirus,folder-yellow.svg,700,501,505,325,294,45
papirus,folder-breeze-development.svg,1290,752,730,490,489,38
papirus,folder-bluegrey-wine.svg,840,585,592,386,357,38
papirus,org.homelinuxserver.vance.biblereader-symbolic.svg,545,365,374,218,201,129
papirus,folder-paleorange-templates.svg,1029,871,785,483,437,38
papirus,com.github.davidmhewitt.clipped.svg,882,472,532,284,254,242
papirus,com.moddb.TotalChaos.svg,1104,510,513,345,329,217
papirus,folder-red-vbox.svg,826,546,550,361,336,38
papirus,folder-palebrown-vbox.svg,826,546,550,361,334,38
papirus,folder-darkcyan-templates.svg,1029,871,785,476,432,39
papirus,folder-green-video.svg,874,589,601,392,362,38
papirus,vim.svg,2008,811,822,481,453,163
papirus,mx-conky.svg,2023,830,1315,415,367,317
papirus,folder-carmine-photo.svg,918,644,624,407,384,39
papirus,folder-white-remote-open.svg,852,592,593,395,361,43
papirus,flash.svg,933,391,419,277,259,27
papirus,full-throttle-remastered.svg,7403,2168,2502,1328,1248,753
papirus,folder-paleorange-activities.svg,838,577,581,358,328,62
papirus,pspp.svg,797,317,323,209,205,178
papirus,folder-paleorange-wine.svg,840,585,592,388,357,38
papirus,folder-grey-download-open.svg,778,551,555,357,325,43
papirus,folder-violet-documents-open.svg,827,567,571,377,344,40
papirus,folder-breeze-download-open.svg,778,551,555,359,329,43
papirus,distributor-logo-manjaro.svg,595,332,352,191,166,118
papirus,folder-grey-documents.svg,830,567,574,374,340,38
papirus,minetest.svg,2497,880,884,491,467,464
papirus,openoffice4-draw.svg,1049,333,341,239,226,171
papirus,folder-paleorange-remote-open.svg,858,592,593,403,376,43
papirus,folder-violet-photo.svg,918,644,624,417,387,35
papirus,emblem-downloads.svg,187,91,88,84,84,56
papirus,com.bixense.PasswordCalculator.svg,860,384,400,235,244,198
papirus,folder-white-google-drive.svg,874,567,571,367,335,38
papirus,xcom-enemy-unknown.svg,1943,731,752,382,359,250
papirus,freeplane.svg,2233,897,912,605,577,514
papirus,folder-white-dropbox.svg,879,626,630,394,369,38
papirus,ibus-bopomofo.svg,698,476,306,394,359,240
papirus,folder-pink-snap.svg,799,568,572,372,348,74
papirus,folder-red-favorites.svg,838,555,563,370,355,37
papirus,folder-pink-script.svg,1091,713,717,476,451,39
papirus,tweet-tray.svg,765,316,303,180,193,179
papirus,notification-audio-volume-low.svg,531,213,221,181,182,162
papirus,text-x-install.svg,697,323,334,232,223,75
papirus,folder-red-download.svg,778,551,555,361,331,38
papirus,non-starred.svg,2235,75,810,88,80,81
papirus,folder-white-photo.svg,912,644,624,410,377,38
papirus,kali-undercover.svg,1713,761,773,418,374,151
papirus,folder-blue-pictures.svg,850,605,609,401,369,38
papirus,folder-black-google-drive.svg,880,567,571,371,339,38
papirus,folder-magenta-mail-cloud.svg,938,640,650,456,435,48
papirus,folder-orange-documents.svg,830,567,574,376,352,38
papirus,tomb-raider.svg,695,478,479,272,250,27
papirus,pyrenamer.svg,2347,944,969,569,517,171
papirus,folder-white-download.svg,772,551,555,355,320,38
papirus,kipi-panorama.svg,1452,676,622,510,471,123
papirus,folder-red-activities.svg,838,577,581,356,322,62
papirus,8bitmmo.svg,908,584,631,319,268,250
papirus,etcher.svg,2665,959,983,544,524,509
papirus,folder-grey-favorites.svg,838,555,563,365,346,37
papirus,datovka.svg,1017,491,505,345,342,207
papirus,sqldeveloper.svg,1144,586,536,247,230,176
papirus,spacemacs.svg,3231,1164,1179,746,696,391
papirus,nvim.svg,588,287,275,219,208,200
papirus,gnome-subtitles.svg,788,404,407,288,256,261
papirus,emblem-new.svg,196,78,78,78,77,52
papirus,folder-magenta-download.svg,778,551,555,363,333,47
papirus,tilix.svg,1399,388,393,222,200,121
papirus,day-of-the-tentacle-remastered.svg,1403,572,574,377,357,325
papirus,application-x-asp.svg,1239,666,709,400,366,32
papirus,folder-carmine-videos-open.svg,865,589,593,386,363,53
papirus,folder-grey-github.svg,1637,833,836,624,586,38
papirus,emblem-unlocked.svg,428,178,179,162,163,134
papirus,narcissu-1st-2nd.svg,569,400,407,231,212,31
papirus,folder-brown-script.svg,1091,713,717,478,453,48
papirus,AdobeFresco.svg,766,420,420,294,278,146
papirus,user-carmine-home.svg,773,546,550,349,316,38
papirus,jclicauthor.svg,1081,432,440,258,262,224
papirus,text-x-generic.svg,630,329,340,222,197,67
papirus,face-angry.svg,1592,234,617,222,204,165
papirus,application-x-virtualbox-ova.svg,762,410,421,269,244,41
papirus,preferences-desktop-font.svg,1612,660,665,436,409,311
papirus,easyeda.svg,2130,925,926,672,623,279
papirus,folder-black-cd.svg,792,553,557,349,314,56
papirus,folder-grey-print.svg,875,617,621,408,375,38
papirus,airvpn.svg,2152,778,785,484,445,458
papirus,face-uncertain.svg,932,141,364,113,113,26
papirus,folder-red-print.svg,875,617,621,411,376,38
papirus,qtdbusviewer.svg,1280,908,727,605,587,294
papirus,entangle.svg,1230,450,451,250,242,233
papirus,utilities-system-monitor.svg,1382,677,693,445,440,292
papirus,com.endlessnetwork.fablemaker.svg,539,338,338,206,194,95
papirus,folder-grey-remote.svg,858,592,593,399,366,38
papirus,texmaker.svg,1561,961,933,424,381,149
papirus,krusader_root.svg,1315,513,555,341,311,102
papirus,steadyflow.svg,1086,432,432,354,326,31
papirus,folder-violet-remote-open.svg,858,592,593,400,367,40
papirus,eu.scarpetta.PDFMixTool.svg,1155,504,521,378,360,250
papirus,eqonomize.svg,1531,663,703,511,494,440
papirus,playlist.svg,911,404,412,251,255,102
papirus,preferences-desktop-navigation.svg,1273,580,584,288,295,93
papirus,folder-pink-wifi.svg,806,549,554,364,339,38
papirus,AdobeLightroomClassic.svg,810,380,386,267,255,130
papirus,image-x-svg+xml.svg,1515,957,987,547,513,532
papirus,mate-panel-separator.svg,724,504,515,305,271,174
papirus,application-pgp-keys.svg,690,361,373,237,224,38
papirus,easystroke.svg,1235,415,449,269,252,190
papirus,AdobeDimension.svg,798,535,540,332,299,186
papirus,mame.svg,378,159,159,117,107,98
papirus,folder-red-development.svg,1290,752,730,490,476,38
papirus,mpv.svg,535,254,262,170,159,100
papirus,smilla.svg,1840,901,905,388,331,119
papirus,museeq.svg,930,491,493,295,296,287
papirus,kbreakout.svg,902,514,523,320,284,255
papirus,application-x-virtualbox-vhd.svg,762,410,421,269,267,41
papirus,transmageddon.svg,1218,817,735,392,358,162
papirus,babe.svg,1645,1118,1229,426,353,230
papirus,battery-low.svg,470,118,298,90,87,77
papirus,folder-cyan-visiting.svg,995,627,650,414,387,38
papirus,folder-pink-music-open.svg,888,632,606,399,370,94
papirus,folder-cyan-github.svg,1637,833,836,622,601,38
papirus,folder-magenta-kde.svg,1722,902,918,666,638,48
papirus,lightzone.svg,566,284,287,193,197,170
papirus,folder-bluegrey-print.svg,875,617,621,411,380,38
papirus,folder-white-cd.svg,786,553,557,346,313,56
papirus,folder-carmine-cd.svg,792,553,557,341,317,57
papirus,preferences-desktop-thunderbolt.svg,609,257,265,180,171,102
papirus,text-x-common-lisp.svg,2334,705,919,585,546,429
papirus,folder-brown-videos-open.svg,865,589,593,393,368,63
papirus,folder-red-photo.svg,918,644,624,416,390,39
papirus,ryujinx.svg,1706,801,834,516,487,183
papirus,bloomrpc.svg,1735,608,572,550,545,533
papirus,terratech.svg,785,466,470,262,249,39
papirus,dosbox.svg,1473,1227,1303,526,454,205
papirus,redirection.svg,654,413,416,249,235,114
papirus,edge-game.svg,3230,1483,1224,909,840,243
papirus,folder-violet-drag-accept.svg,628,425,429,267,245,38
papirus,phoronix-test-suite.svg,1029,535,547,344,303,133
papirus,rto-proxy.svg,2069,731,753,453,407,94
papirus,user-teal-desktop.svg,517,305,297,207,202,27
papirus,komodo-edit.svg,7445,2418,2417,1438,1321,1332
papirus,muon.svg,736,377,382,265,267,174
papirus,tipp10.svg,961,888,891,354,297,236
papirus,text-x-eiffel.svg,2682,1088,1088,667,611,136
papirus,folder-red-music.svg,888,632,606,405,362,38
papirus,i2pd.svg,2040,718,728,437,427,140
papirus,folder-paleorange-video.svg,874,589,601,393,366,38
papirus,user-blue-home-open.svg,773,546,550,358,325,40
papirus,folder-cyan-cd.svg,792,553,557,347,325,56
papirus,custom-toolbox.svg,1485,708,716,455,439,303
papirus,folder-nordic-github.svg,1637,833,836,626,604,38
papirus,user-white-desktop.svg,517,305,297,207,202,34
papirus,folder-violet-unlocked.svg,970,641,652,425,393,35
papirus,akira.svg,2148,663,787,416,396,345
papirus,folder-deeporange-visiting.svg,995,627,650,415,396,38
papirus,folder-yellow-pictures-open.svg,850,605,609,401,371,53
papirus,scid.svg,1587,951,1033,417,381,106
papirus,ventoy.svg,2579,971,991,572,522,501
papirus,application-x-codeblocks-workspace.svg,699,340,344,209,194,27
papirus,battery-caution-charging.svg,804,98,452,91,85,76
papirus,emblem-remove.svg,156,60,60,69,65,41
papirus,folder-bluegrey.svg,700,501,505,326,291,38
papirus,folder-paleorange-wifi.svg,806,549,554,366,340,38
papirus,eureka.svg,1010,571,599,338,324,205
papirus,mouse-touchpad-gestures.svg,841,624,503,306,256,281
papirus,folder-black-snap.svg,799,568,572,368,335,74
papirus,application-x-designer.svg,1030,444,445,301,289,155
papirus,user-palebrown-home-open.svg,773,546,550,358,324,40
papirus,folder-violet-script.svg,1091,713,717,478,447,36
papirus,text-x-po.svg,779,409,420,288,254,128
papirus,ar.xjuan.Cambalache.svg,808,495,493,302,290,251
papirus,folder-bluegrey-development.svg,1290,752,730,492,490,38
papirus,user-breeze-home.svg,773,546,550,357,329,38
papirus,folder-pink-applications.svg,1292,801,802,508,462,38
papirus,kcmdf.svg,1002,637,640,358,324,122
papirus,kbibtex.svg,632,387,396,253,236,191
papirus,folder-red-music-open.svg,888,632,606,399,373,94
papirus,folder-yaru-remote.svg,858,592,593,402,366,38
papirus,face-cool.svg,1341,506,1091,327,294,265
papirus,folder-darkcyan-arduino.svg,2273,1174,1109,836,790,467
papirus,emblem-favorite.svg,485,180,181,171,169,134
papirus,folder-paleorange-mail-cloud.svg,938,640,650,456,434,38
papirus,folder-indigo-download.svg,778,551,555,361,334,38
papirus,kbruch.svg,751,416,434,264,253,33
papirus,ms-onenote.svg,1511,618,633,406,401,72
papirus,org.kde.plasma.systemmonitor.cpucore.svg,836,521,545,293,261,268
papirus,wicd.svg,1567,512,508,372,362,203
papirus,retext.svg,763,428,433,265,242,39
papirus,folder-teal-music-open.svg,888,632,606,399,367,94
papirus,gcolor3.svg,1790,692,695,419,395,351
papirus,folder-breeze-drag-accept.svg,628,425,429,267,249,40
papirus,applications-education.svg,1784,695,706,429,418,83
papirus,application-x-virtualbox-hdd.svg,762,410,421,269,260,41
papirus,user-darkcyan-home-open.svg,773,546,550,356,321,40
papirus,user-cyan-desktop.svg,517,305,297,206,203,37
papirus,folder-deeporange-unlocked.svg,970,641,652,422,391,38
papirus,nomacs.svg,1946,1078,1091,512,450,451
papirus,VCVRack.svg,844,294,295,168,158,92
papirus,user-bluegrey-home.svg,773,546,550,356,324,38
papirus,user-yaru-home.svg,773,546,550,357,321,38
papirus,quassel.svg,996,526,529,282,271,154
papirus,folder-nordic-vbox.svg,826,546,550,363,337,38
papirus,lightsoff.svg,591,289,293,177,174,55
papirus,folder-red-wine.svg,840,585,592,384,354,38
papirus,folder-black-open.svg,700,501,505,320,288,43
papirus,folder-violet-favorites.svg,838,555,563,371,353,34
papirus,qasmixer.svg,1366,997,993,469,421,216
papirus,beyondallreason.svg,1220,816,805,438,400,55
papirus,i-nex.svg,979,523,573,332,322,46
papirus,application-x-kodelife-project.svg,984,470,487,303,260,146
papirus,application-x-atari-lynx-rom.svg,871,475,506,300,263,143
papirus,ms-onedrive.svg,3642,962,1365,606,575,232
papirus,infector.svg,1155,661,724,298,264,234
papirus,folder-paleorange-photo.svg,918,644,624,420,397,38
papirus,folder-bluegrey-applications.svg,1292,801,802,508,461,38
papirus,folder-grey-remote-open.svg,858,592,593,397,367,43
papirus,marknoto.svg,701,378,370,229,215,28
papirus,eBook-speaker.svg,1132,778,784,395,349,294
papirus,application-x-srt.svg,663,366,368,240,206,27
papirus,ao-app.svg,1424,929,524,492,478,171
papirus,emblem-dropbox-app.svg,459,226,219,201,201,199
papirus,workflowy.svg,934,600,605,309,298,199
papirus,folder-brown-pictures-open.svg,850,605,609,401,371,53
papirus,folder-palebrown-documents-open.svg,827,567,571,377,350,43
papirus,application-x-nes-rom.svg,1758,822,822,527,494,61
papirus,folder-bluegrey-videos-open.svg,865,589,593,393,370,53
papirus,granule.svg,679,428,459,310,286,228
papirus,folder-teal-download-open.svg,778,551,555,357,328,43
papirus,vibrantLinux.svg,1126,442,443,259,260,213
papirus,epsxe.svg,2565,1168,1069,819,766,385
papirus,foursquare.svg,633,315,315,199,191,80
papirus,org.kde.kontrast.svg,901,368,388,239,239,179
papirus,folder-blue.svg,700,501,505,326,290,38
papirus,gitter.svg,568,368,367,219,206,80
papirus,folder-violet-videos-open.svg,865,589,593,393,366,50
papirus,QMPlay2.svg,945,342,354,240,235,212
papirus,notification-gsm-connected.svg,580,317,320,210,197,187
papirus,tilp.svg,3368,1059,1190,778,738,546
papirus,folder-black-download.svg,778,551,555,359,325,38
papirus,view-financial-budget.svg,3244,560,1876,251,198,246
papirus,folder-black-documents-open.svg,827,567,571,374,339,43
papirus,netbeans.svg,3871,1683,1455,995,947,626
papirus,rstudio.svg,1654,884,676,447,421,406
papirus,folder-yellow-code.svg,927,585,602,392,372,48
papirus,user-orange-home.svg,773,546,550,355,324,38
papirus,folder-yaru-remote-open.svg,858,592,593,399,365,43
papirus,folder-brown-favorites.svg,838,555,563,373,349,47
papirus,com.github.dbhowell.peeq.svg,3439,1267,1236,810,779,782
papirus,downline.svg,594,332,330,218,206,97
papirus,x-tile.svg,2056,967,1008,451,437,396
papirus,bzflag.svg,1431,993,1000,555,511,395
papirus,input-mouse.svg,1223,489,495,289,272,129
papirus,audacious.svg,1989,716,717,451,415,277
papirus,folder-blue-favorites.svg,838,555,563,372,351,37
papirus,otter-browser.svg,867,344,374,192,177,108
papirus,battery-empty.svg,470,110,298,103,97,85
papirus,bespoke_icon.svg,2399,1007,1082,641,593,490
papirus,user-indigo-home-open.svg,773,546,550,358,324,40
papirus,folder-green-development.svg,1290,752,730,492,489,38
papirus,text-x-makefile.svg,1114,507,519,352,328,183
papirus,folder-paleorange-pictures.svg,850,605,609,401,374,38
papirus,catia.svg,1448,564,571,319,310,114
papirus,mx-select-sound.svg,1742,900,896,487,451,35
papirus,folder-yaru-pictures.svg,850,605,609,401,367,38
papirus,folder-deeporange-drag-accept.svg,628,425,429,266,248,40
papirus,financial-schedule.svg,866,616,619,352,312,62
papirus,notification-network-ethernet-disconnected.svg,942,506,520,292,277,260
papirus,image-svg+xml-compressed.svg,1047,602,636,385,354,357
papirus,raven-reader.svg,2449,874,891,580,544,470
papirus,chrome-app-list.svg,1739,1576,1541,454,410,135
papirus,mini-calendar-widget.svg,789,400,401,233,205,124
papirus,folder-indigo-applications.svg,1292,801,802,509,463,38
papirus,folder-paleorange-script.svg,1091,713,717,479,454,39
papirus,folder-palebrown-mail-cloud.svg,938,640,650,456,435,38
papirus,folder-violet-templates.svg,1029,871,785,481,427,35
papirus,application-vnd.oasis.opendocument.formula.svg,1041,470,488,318,289,42
papirus,folder-black-music.svg,888,632,606,403,357,38
papirus,vcs-conflicting.svg,245,78,106,86,83,66
papirus,folder-paleorange-templates-open.svg,1029,871,785,478,431,47
papirus,folder-white-unlocked.svg,964,641,652,418,378,38
papirus,folder-paleorange-vbox.svg,826,546,550,362,337,38
papirus,abbaye.svg,717,514,529,271,242,198
papirus,password-manager.svg,672,360,344,199,192,27
papirus,your-freedom.svg,891,315,350,241,227,207
papirus,darwinia.svg,1285,794,824,331,301,43
papirus,folder-breeze-google-drive.svg,880,567,571,372,344,38
papirus,owncloud.svg,1428,483,487,259,236,138
papirus,folder-teal-unlocked.svg,970,641,652,421,392,38
papirus,com.github.themix_project.Oomox.svg,1383,510,566,280,272,226
papirus,folder-blue-videos-open.svg,865,589,593,394,368,53
papirus,folder-paleorange-drag-accept.svg,628,425,429,268,250,40
papirus,folder-breeze-documents-open.svg,827,567,571,376,351,43
papirus,folder-black-remote-open.svg,858,592,593,397,360,43
papirus,folder-blue-wifi.svg,806,549,554,366,336,38
papirus,folder-bluegrey-visiting.svg,995,627,650,417,394,38
papirus,emily-is-away.svg,750,427,392,289,289,203
papirus,folder-carmine-script.svg,1091,713,717,471,442,39
papirus,kontena-lens.svg,888,468,498,302,285,172
papirus,folder-breeze-music.svg,888,632,606,406,363,38
papirus,folder-deeporange-github.svg,1637,833,836,622,598,38
papirus,com.github.alcadica.develop.svg,2399,976,1056,524,485,112
papirus,folder-deeporange-pictures.svg,850,605,609,401,376,38
papirus,bookworm.svg,748,329,368,201,171,32
papirus,network-card.svg,1361,697,696,406,369,58
papirus,Zoom.svg,1672,704,710,465,425,333
papirus,nightsky.svg,458,223,231,137,133,72
papirus,folder-red-code.svg,927,585,602,393,372,38
papirus,edex-ui.svg,1038,351,427,196,187,127
papirus,folder-white-wine.svg,834,585,592,378,342,38
papirus,phototonic.svg,2127,856,886,639,615,602
papirus,folder-white-wifi.svg,800,549,554,359,326,38
papirus,cutemaze.svg,868,530,546,334,311,267
papirus,folder-orange-download.svg,778,551,555,359,334,38
papirus,folder-green-github.svg,1637,833,836,624,593,38
papirus,application-x-vmware-vmfoundry.svg,810,582,603,336,285,47
papirus,stuntrally.svg,1174,472,470,315,290,175
papirus,libreoffice-main.svg,629,414,331,271,249,172
papirus,kube.svg,703,425,408,261,245,137
papirus,bareftp.svg,3248,1127,1123,672,635,293
papirus,folder-red-drag-accept.svg,628,425,429,267,243,40
papirus,folder-bluegrey-drag-accept.svg,628,425,429,268,251,40
papirus,folder-indigo-github.svg,1637,833,836,623,597,38
papirus,com.github.allen-b1.news.svg,805,433,411,301,284,170
papirus,emblem-default.svg,240,81,86,94,86,26
papirus,folder-green-kde.svg,1722,902,918,665,635,38
papirus,folder-breeze-pictures.svg,850,605,609,401,370,38
papirus,emblem-important.svg,219,84,84,78,76,48
papirus,devdocs.svg,702,369,370,219,212,123
papirus,folder-teal-photo.svg,918,644,624,416,388,39
papirus,notification-network-ethernet-connected.svg,583,358,362,209,196,187
papirus,ldview.svg,991,447,528,276,264,253
papirus,io.gitlab.leesonwai.Sums.svg,724,461,475,263,240,50
papirus,kget.svg,993,510,526,363,347,193
papirus,com.gitlab.bitseater.meteo.svg,1070,530,623,362,361,348
papirus,folder-deeporange-templates.svg,1029,871,785,480,436,38
papirus,shadowsocks-qt5.svg,637,274,275,191,169,115
papirus,half-life-alyx.svg,678,356,359,237,229,112
papirus,folder-violet-vbox.svg,826,546,550,361,331,34
papirus,folder-violet-arduino.svg,2273,1174,1109,836,791,463
papirus,6180-the-moon.svg,1166,781,789,451,372,361
papirus,openoffice4-writer.svg,513,273,281,171,154,70
papirus,minetime.svg,1242,506,533,295,263,183
papirus,xfe.svg,567,384,387,250,249,170
papirus,com.github.alainm23.byte.svg,877,457,443,263,236,187
papirus,user-green-home.svg,773,546,550,357,323,38
papirus,user-paleorange-home.svg,773,546,550,357,329,38
papirus,fontforge.svg,1687,536,667,349,322,220
papirus,folder-breeze-code.svg,927,585,602,393,373,38
papirus,folder-bluegrey-download.svg,778,551,555,361,334,38
papirus,folder-black-visiting.svg,995,627,650,414,384,38
papirus,microsoft.svg,544,300,300,190,183,129
papirus,folder-indigo-templates.svg,1029,871,785,481,427,38
papirus,taskbar.svg,1943,1272,1290,524,419,488
papirus,folder-orange-templates.svg,1029,871,785,480,435,39
papirus,folder-yaru-favorites.svg,838,555,563,370,351,37
papirus,vmware-player.svg,1816,1056,1091,591,559,490
papirus,folder-black-favorites.svg,838,555,563,368,345,37
papirus,folder-green-templates-open.svg,1029,871,785,476,427,47
papirus,face-smile-big.svg,1056,165,470,128,129,64
papirus,folder-deeporange-development.svg,1290,752,730,488,473,38
papirus,folder-orange-video.svg,874,589,601,391,361,38
papirus,peerunity.svg,991,328,386,229,212,156
papirus,folder-red-git.svg,1236,725,729,440,441,39
papirus,brackets-electron.svg,584,445,454,258,215,151
papirus,folder-grey-photo.svg,918,644,624,412,384,38
papirus,nexuiz.svg,5914,2067,2053,1203,1108,1162
papirus,com.szibele.e-juice-calc.svg,794,419,425,283,271,245
papirus,folder-nordic-documents-open.svg,827,567,571,378,354,43
papirus,folder-palebrown-wifi.svg,806,549,554,365,336,38
papirus,user-red-home-open.svg,773,546,550,356,322,40
papirus,rsibreak.svg,1288,619,619,364,341,266
papirus,folder-breeze-music-open.svg,888,632,606,400,364,94
papirus,text-x-cobol.svg,6290,2100,2098,1266,1164,641
papirus,folder-yaru-templates-open.svg,1029,871,785,472,427,47
papirus,redshift.svg,1315,567,578,454,424,39
papirus,folder-pink-vbox.svg,826,546,550,360,338,38
papirus,liteupgrade.svg,525,356,359,221,201,97
papirus,text-vcard.svg,2556,944,993,595,541,444
papirus,application-x-aoi.svg,1619,750,760,439,406,377
papirus,folder-pink-favorites.svg,838,555,563,370,357,37
papirus,flareget.svg,983,350,362,253,242,27
papirus,folder-brown-remote-open.svg,858,592,593,400,377,53
papirus,folder-red-applications.svg,1292,801,802,508,461,38
papirus,AdobePrelude.svg,1216,563,562,407,401,282
papirus,folder-darkcyan-download.svg,778,551,555,360,329,38
papirus,freecad.svg,1262,760,614,558,522,508
papirus,folder-magenta-git.svg,1236,725,729,442,420,48
papirus,Encryptr.svg,672,356,386,242,239,106
papirus,folder-blue-git.svg,1236,725,729,443,423,39
papirus,laverna.svg,799,349,351,213,203,90
papirus,de.haeckerfelix.Fragments.svg,2753,998,1027,720,710,643
papirus,folder-white-documents-open.svg,821,567,571,370,337,43
papirus,freeoffice-textmaker.svg,698,351,359,215,204,170
papirus,folder-carmine-music.svg,888,632,606,398,360,38
papirus,folder-orange-wifi.svg,806,549,554,362,340,38
papirus,blackmagicraw-speedtest.svg,3112,1104,1359,665,619,245
papirus,Impactor.svg,2136,1086,1046,775,703,757
papirus,folder-deeporange-pictures-open.svg,850,605,609,402,370,43
papirus,folder-palebrown-activities.svg,838,577,581,357,322,62
papirus,folder-magenta-download-open.svg,778,551,555,360,329,53
papirus,text-x-log.svg,650,297,292,204,181,54
papirus,text-r.svg,996,429,479,336,323,172
papirus,folder-black-development.svg,1290,752,730,490,484,38
papirus,mintsources-additional.svg,888,397,431,211,214,105
papirus,phantompeer.svg,1409,904,909,540,515,247
papirus,pulseview.svg,978,534,537,336,309,314
papirus,folder-grey-visiting.svg,995,627,650,414,387,38
papirus,folder-grey-unlocked.svg,970,641,652,419,383,38
papirus,io.ark.Desktop.svg,654,400,402,254,246,131
papirus,google-play-music-desktop-player.svg,3353,1176,1286,774,749,389
papirus,colortone.svg,1194,627,639,403,376,276
papirus,folder-darkcyan-drag-accept.svg,628,425,429,267,247,40
papirus,Nextcloud_ok.svg,189,76,76,89,81,26
papirus,folder-indigo-mail-cloud.svg,938,640,650,456,435,38
papirus,folder-red-kde.svg,1722,902,918,665,638,38
papirus,folder-teal-templates.svg,1029,871,785,474,434,39
papirus,folder-yellow-wine.svg,840,585,592,386,357,47
papirus,preferences-desktop-emoticons.svg,1088,447,543,336,322,238
papirus,krita.svg,2473,855,868,581,536,515
papirus,touchpad-indicator.svg,602,476,480,280,282,257
papirus,opengl.svg,1234,480,495,328,312,27
papirus,openboard.svg,1059,400,405,270,255,236
papirus,text-x-texmacs.svg,1321,556,552,343,304,37
papirus,com.github.thejambi.dayjournal.svg,4051,1734,1861,1245,1082,913
papirus,org.gnome.Keysign.svg,2558,994,1006,546,525,94
papirus,pingus-icon.svg,1359,621,624,349,326,264
papirus,folder-green-script.svg,1091,713,717,479,452,39
papirus,org.gnome.Pinpoint.svg,541,307,319,205,205,28
papirus,ease.svg,599,309,311,222,206,136
papirus,nasc.svg,749,396,425,268,228,119
papirus,duckstation.svg,2332,928,956,580,552,374
papirus,FreeTexturePacker.svg,2560,950,956,589,533,321
papirus,semaphor.svg,825,344,356,187,181,28
papirus,folder-cyan-open.svg,700,501,505,322,292,43
papirus,folder-darkcyan-development.svg,1290,752,730,491,478,38
papirus,apple-music.svg,1071,568,570,288,267,250
papirus,kubeplayer.svg,1423,622,676,398,388,186
papirus,folder-darkcyan-documents-open.svg,827,567,571,375,346,43
papirus,zeal.svg,839,303,309,207,201,179
papirus,xfce4-systray.svg,823,406,405,234,216,173
papirus,folder-yaru-dropbox.svg,885,626,630,399,385,38
papirus,application-epub+zip.svg,1118,490,490,299,283,147
papirus,application-x-font-ttf.svg,1818,684,699,473,446,300
papirus,dropbox.svg,1269,582,585,303,317,281
papirus,user-white-home-open.svg,767,546,550,351,312,40
papirus,folder-yellow-print.svg,875,617,621,411,381,48
papirus,folder-bluegrey-kde.svg,1722,902,918,665,635,38
papirus,text-x-kotlin.svg,856,311,398,203,194,148
papirus,emblem-photos.svg,321,157,158,137,128,99
papirus,application-vnd.flatpak.svg,2933,810,1136,388,369,223
papirus,fontypython.svg,1083,604,617,380,339,259
papirus,folder-nordic-google-drive.svg,880,567,571,376,345,38
papirus,uget.svg,697,513,519,302,268,251
papirus,application-x-kicad-schematic.svg,2785,1570,1731,847,803,391
papirus,openage.svg,1401,600,624,395,342,259
papirus,no-mans-sky.svg,594,246,280,173,165,67
papirus,write_stylus.svg,4649,2214,1675,1336,1274,1335
papirus,wavebox.svg,992,428,437,281,259,220
papirus,folder-yellow-drag-accept.svg,628,425,429,267,245,44
papirus,folder-bluegrey-photo.svg,918,644,624,417,394,38
papirus,user-carmine-desktop.svg,517,305,297,204,197,37
papirus,model-stl.svg,1272,546,538,336,335,311
papirus,cdbaby.svg,672,388,421,271,243,118
papirus,folder-breeze-templates-open.svg,1029,871,785,475,424,47
papirus,com.github.torikulhabib.mindi.wma.svg,2685,1013,1078,786,772,534
papirus,gnumeric.svg,774,456,458,247,209,123
papirus,com.github.bluesabre.darkbar.svg,1069,530,616,315,285,263
papirus,little-inferno.svg,1086,589,593,353,326,62
papirus,ksnakeduel.svg,651,362,299,239,230,118
papirus,folder-white-music.svg,882,632,606,400,355,38
papirus,folder-black-activities.svg,838,577,581,353,315,62
papirus,libreoffice-calc.svg,895,966,536,449,403,202
papirus,distributor-logo-devuan.svg,829,349,335,207,198,186
papirus,multiwinia.svg,1282,798,825,335,307,58
papirus,terminator.svg,990,606,589,366,301,267
papirus,nicotine-plus.svg,1065,831,499,506,473,389
papirus,folder-red-templates.svg,1029,871,785,476,432,39
papirus,folder-brown-documents.svg,830,567,574,378,349,48
papirus,subsurface-icon.svg,6418,2310,2345,1414,1293,1318
papirus,fceux.svg,1348,662,641,426,391,372
